{
  "_format": "hh-sol-cache-2",
  "files": {
    "/Users/muratatakuya/project/blockchain/udemy-eth/udex-udemy/85/hardhat/contracts/UdexERC20.sol": {
      "lastModificationDate": 1752387126846,
      "contentHash": "27c976b843dd838a78dee08e3b6f7964",
      "sourceName": "contracts/UdexERC20.sol",
      "solcConfig": {
        "version": "0.8.17",
        "settings": {
          "optimizer": {
            "enabled": false,
            "runs": 200
          },
          "outputSelection": {
            "*": {
              "*": [
                "abi",
                "evm.bytecode",
                "evm.deployedBytecode",
                "evm.methodIdentifiers",
                "metadata"
              ],
              "": [
                "ast"
              ]
            }
          }
        }
      },
      "imports": [
        "./interfaces/IERC20.sol"
      ],
      "versionPragmas": [
        "^0.8.17"
      ],
      "artifacts": [
        "UdexERC20"
      ]
    },
    "/Users/muratatakuya/project/blockchain/udemy-eth/udex-udemy/85/hardhat/contracts/interfaces/IERC20.sol": {
      "lastModificationDate": 1752387126847,
      "contentHash": "f2df4f51841609630c550454fcf68314",
      "sourceName": "contracts/interfaces/IERC20.sol",
      "solcConfig": {
        "version": "0.8.17",
        "settings": {
          "optimizer": {
            "enabled": false,
            "runs": 200
          },
          "outputSelection": {
            "*": {
              "*": [
                "abi",
                "evm.bytecode",
                "evm.deployedBytecode",
                "evm.methodIdentifiers",
                "metadata"
              ],
              "": [
                "ast"
              ]
            }
          }
        }
      },
      "imports": [],
      "versionPragmas": [
        "^0.8.17"
      ],
      "artifacts": [
        "IERC20"
      ]
    },
    "/Users/muratatakuya/project/blockchain/udemy-eth/udex-udemy/85/hardhat/contracts/UdexPool.sol": {
      "lastModificationDate": 1752387126846,
      "contentHash": "4271f1d0c56d5260b97b79bbe0a637cf",
      "sourceName": "contracts/UdexPool.sol",
      "solcConfig": {
        "version": "0.8.17",
        "settings": {
          "optimizer": {
            "enabled": false,
            "runs": 200
          },
          "outputSelection": {
            "*": {
              "*": [
                "abi",
                "evm.bytecode",
                "evm.deployedBytecode",
                "evm.methodIdentifiers",
                "metadata"
              ],
              "": [
                "ast"
              ]
            }
          }
        }
      },
      "imports": [
        "./libraries/Math.sol",
        "./interfaces/IERC20.sol",
        "./UdexERC20.sol"
      ],
      "versionPragmas": [
        "^0.8.17"
      ],
      "artifacts": [
        "UdexPool"
      ]
    },
    "/Users/muratatakuya/project/blockchain/udemy-eth/udex-udemy/85/hardhat/contracts/libraries/Math.sol": {
      "lastModificationDate": 1752387126848,
      "contentHash": "8c0dd3198a16886a168f008b00759432",
      "sourceName": "contracts/libraries/Math.sol",
      "solcConfig": {
        "version": "0.8.17",
        "settings": {
          "optimizer": {
            "enabled": false,
            "runs": 200
          },
          "outputSelection": {
            "*": {
              "*": [
                "abi",
                "evm.bytecode",
                "evm.deployedBytecode",
                "evm.methodIdentifiers",
                "metadata"
              ],
              "": [
                "ast"
              ]
            }
          }
        }
      },
      "imports": [],
      "versionPragmas": [
        "^0.8.17"
      ],
      "artifacts": [
        "Math"
      ]
    },
    "/Users/muratatakuya/project/blockchain/udemy-eth/udex-udemy/85/hardhat/contracts/UdexRouter.sol": {
      "lastModificationDate": 1752387126847,
      "contentHash": "4f35f87d48252cbef986a38a3903f1bb",
      "sourceName": "contracts/UdexRouter.sol",
      "solcConfig": {
        "version": "0.8.17",
        "settings": {
          "optimizer": {
            "enabled": false,
            "runs": 200
          },
          "outputSelection": {
            "*": {
              "*": [
                "abi",
                "evm.bytecode",
                "evm.deployedBytecode",
                "evm.methodIdentifiers",
                "metadata"
              ],
              "": [
                "ast"
              ]
            }
          }
        }
      },
      "imports": [
        "./libraries/UdexLibrary.sol",
        "./interfaces/IERC20.sol",
        "./UdexPool.sol",
        "./UdexFactory.sol"
      ],
      "versionPragmas": [
        "^0.8.17"
      ],
      "artifacts": [
        "UdexRouter"
      ]
    },
    "/Users/muratatakuya/project/blockchain/udemy-eth/udex-udemy/85/hardhat/contracts/libraries/UdexLibrary.sol": {
      "lastModificationDate": 1752387126848,
      "contentHash": "08fd5e51eb7e333bca9ee8a87cef90e3",
      "sourceName": "contracts/libraries/UdexLibrary.sol",
      "solcConfig": {
        "version": "0.8.17",
        "settings": {
          "optimizer": {
            "enabled": false,
            "runs": 200
          },
          "outputSelection": {
            "*": {
              "*": [
                "abi",
                "evm.bytecode",
                "evm.deployedBytecode",
                "evm.methodIdentifiers",
                "metadata"
              ],
              "": [
                "ast"
              ]
            }
          }
        }
      },
      "imports": [],
      "versionPragmas": [
        "^0.8.17"
      ],
      "artifacts": [
        "UdexLibrary"
      ]
    },
    "/Users/muratatakuya/project/blockchain/udemy-eth/udex-udemy/85/hardhat/contracts/UdexFactory.sol": {
      "lastModificationDate": 1752387126846,
      "contentHash": "b3e4e52a74e632aff0f4ee343120566c",
      "sourceName": "contracts/UdexFactory.sol",
      "solcConfig": {
        "version": "0.8.17",
        "settings": {
          "optimizer": {
            "enabled": false,
            "runs": 200
          },
          "outputSelection": {
            "*": {
              "*": [
                "abi",
                "evm.bytecode",
                "evm.deployedBytecode",
                "evm.methodIdentifiers",
                "metadata"
              ],
              "": [
                "ast"
              ]
            }
          }
        }
      },
      "imports": [
        "./UdexPool.sol"
      ],
      "versionPragmas": [
        "^0.8.17"
      ],
      "artifacts": [
        "UdexFactory"
      ]
    },
    "/Users/muratatakuya/project/blockchain/udemy-eth/udex-udemy/85/hardhat/contracts/test/TokenTest.sol": {
      "lastModificationDate": 1752387126849,
      "contentHash": "2af15f33e3eef322eb5590aa41ec1dbc",
      "sourceName": "contracts/test/TokenTest.sol",
      "solcConfig": {
        "version": "0.8.17",
        "settings": {
          "optimizer": {
            "enabled": false,
            "runs": 200
          },
          "outputSelection": {
            "*": {
              "*": [
                "abi",
                "evm.bytecode",
                "evm.deployedBytecode",
                "evm.methodIdentifiers",
                "metadata"
              ],
              "": [
                "ast"
              ]
            }
          }
        }
      },
      "imports": [
        "../interfaces/IERC20.sol"
      ],
      "versionPragmas": [
        "^0.8.17"
      ],
      "artifacts": [
        "TokenTest"
      ]
    },
    "/Users/muratatakuya/project/blockchain/udemy-eth/udex-udemy/85/hardhat/contracts/test/UdexLibraryTest.sol": {
      "lastModificationDate": 1752387126849,
      "contentHash": "ef734e4181a31402a70915d52990b7c3",
      "sourceName": "contracts/test/UdexLibraryTest.sol",
      "solcConfig": {
        "version": "0.8.17",
        "settings": {
          "optimizer": {
            "enabled": false,
            "runs": 200
          },
          "outputSelection": {
            "*": {
              "*": [
                "abi",
                "evm.bytecode",
                "evm.deployedBytecode",
                "evm.methodIdentifiers",
                "metadata"
              ],
              "": [
                "ast"
              ]
            }
          }
        }
      },
      "imports": [
        "../libraries/UdexLibrary.sol"
      ],
      "versionPragmas": [
        "^0.8.17"
      ],
      "artifacts": [
        "UdexLibraryTest"
      ]
    },
    "/Users/muratatakuya/project/blockchain/udemy-eth/udex-udemy/85/hardhat/contracts/test/MathTest.sol": {
      "lastModificationDate": 1752387126849,
      "contentHash": "6e2408dcdb9ca8881cedec68120499fc",
      "sourceName": "contracts/test/MathTest.sol",
      "solcConfig": {
        "version": "0.8.17",
        "settings": {
          "optimizer": {
            "enabled": false,
            "runs": 200
          },
          "outputSelection": {
            "*": {
              "*": [
                "abi",
                "evm.bytecode",
                "evm.deployedBytecode",
                "evm.methodIdentifiers",
                "metadata"
              ],
              "": [
                "ast"
              ]
            }
          }
        }
      },
      "imports": [
        "../libraries/Math.sol"
      ],
      "versionPragmas": [
        "^0.8.17"
      ],
      "artifacts": [
        "MathTest"
      ]
    }
  }
}
