[
    {"chainId": 1,        "address": "0xc02aaa39b223fe8d0a0e5c4f27ead9083c756cc2", "symbol": "WETH", "name": "Wrapped Ether",  "decimals": 18, "logo": "tokens/ETH.svg"},
    {"chainId": 1,        "address": "0xA0b86991c6218b36c1d19D4a2e9Eb0cE3606eB48", "symbol": "USDC", "name": "USD Coin", "decimals": 6, "logo": "tokens/USDC.svg"},
    {"chainId": 1,        "address": "0xdac17f958d2ee523a2206206994597c13d831ec7", "symbol": "USDT", "name": "Tether", "decimals": 6, "logo": "tokens/USDT.svg"},
    {"chainId": 1,        "address": "0x2260fac5e5542a773aa44fbcfedf7c193bc2c599", "symbol": "WBTC", "name": "Wrapped Bitcoin", "decimals": 8, "logo": "tokens/WBTC.svg"},
    {"chainId": 1,        "address": "0x6b175474e89094c44da98b954eedeac495271d0f", "symbol": "DAI",  "name": "Dai", "decimals": 18, "logo": "tokens/DAI.svg"},
    {"chainId": 137,      "address": "0x7ceB23fD6bC0adD59E62ac25578270cFf1b9f619", "symbol": "WETH", "name": "Wrapped Ether", "decimals": 18, "logo": "tokens/ETH.svg"},
    {"chainId": 137,      "address": "0x2791Bca1f2de4661ED88A30C99A7a9449Aa84174", "symbol": "USDC", "name": "USD Coin", "decimals": 6, "logo": "tokens/USDC.svg"},
    {"chainId": 137,      "address": "0xc2132d05d31c914a87c6611c10748aeb04b58e8f", "symbol": "USDT", "name": "Tether", "decimals": 6, "logo": "tokens/USDT.svg"},
    {"chainId": 137,      "address": "0x1bfd67037b42cf73acf2047067bd4f2c47d9bfd6", "symbol": "WBTC", "name": "Wrapped Bitcoin", "decimals": 8, "logo": "tokens/WBTC.svg"},
    {"chainId": 137,      "address": "0x8f3cf7ad23cd3cadbd9735aff958023239c6a063", "symbol": "DAI",  "name": "Dai", "decimals": 18, "logo": "tokens/DAI.svg"},
    {"chainId": 31337,    "address": "0x9fE46736679d2D9a65F0992F2272dE9f3c7fa6e0", "symbol": "GLN",  "name": "Galleon", "decimals": 18, "logo": "tokens/GLN.svg"},
    {"chainId": 31337,    "address": "0xCf7Ed3AccA5a467e9e704C703E8D87F634fB0Fc9", "symbol": "ZNY",  "name": "Zenny", "decimals": 18, "logo": "tokens/ZNY.svg"},
    {"chainId": 31337,    "address": "0xDc64a140Aa3E981100a9becA4E685f962f0cF6C9", "symbol": "USDC", "name": "USD Coin", "decimals": 6, "logo": "tokens/USDC.svg"},
    {"chainId": 31337,    "address": "0x5FC8d32690cc91D4c39d9d3abcBD16989F875707", "symbol": "WBTC", "name":"Wrapped Bitcoin", "decimals": 8, "logo": "tokens/WBTC.svg"}
]